,ID,MSG,HOUR
1,3,test,11
2,3,test,11
3,3,test,11
4,3,test,11
5,3,test,11
6,3,test,11
7,3,test,11
8,3,test,11
9,3,test,11
10,3,test,11
11,3,test,11
12,3,test,11
13,3,test,11
14,3,test,11
15,3,test,11
16,3,test,11
17,3,test,11
18,3,test,11
19,3,test,11
20,3,test,11
21,3,test,11
22,3,test,11
23,3,test,11
24,3,test,11
25,3,test,11
26,3,test,11
27,3,test,11
28,3,test,11
29,3,test,11
30,3,test,11
31,3,test,11
32,3,test,11
33,3,test,11
34,3,test,11
35,3,test,11
36,3,test,11
37,3,test,11
38,3,test,11
39,3,test,11
40,3,test,11
41,3,test,11
42,3,test,11
43,3,test,11
44,3,test,11
45,3,test,11
46,3,test,11
47,3,test,11
48,3,test,11
49,3,test,11
50,3,test,11
51,3,test,11
52,3,test,11
53,3,test,11
54,3,test,11
55,3,test,11
56,3,test,11
57,3,test,11
58,3,test,11
59,3,test,11
60,3,test,11
61,3,test,11
62,3,test,11
63,3,test,11
64,3,test,11
65,3,test,11
66,3,test,11
67,3,test,11
68,3,test,11
69,3,test,11
70,3,test,11
71,3,test,11
72,3,test,11
73,3,test,11
74,3,test,11
75,3,test,11
76,3,test,11
77,3,test,11
78,3,test,11
79,3,test,11
80,3,test,11
81,3,test,11
82,3,test,11
83,3,test,11
84,3,test,11
85,3,test,11
86,3,test,11
87,3,test,11
88,3,test,11
89,3,test,11
90,3,test,11
91,3,test,11
92,3,test,11
93,3,test,11
94,3,test,11
95,3,test,11
96,3,test,11
97,3,test,11
98,3,test,11
99,3,test,11
100,3,test,11
101,3,test,11
102,3,test,11
103,3,test,11
104,3,test,11
105,3,test,11
106,3,test,11
107,3,test,11
108,3,test,11
109,3,test,11
110,3,test,11
111,3,test,11
112,3,test,11
113,3,test,11
114,3,test,11
115,3,test,11
116,3,test,11
117,3,test,11
118,3,test,11
119,3,test,11
120,3,test,11
121,3,test,11
122,3,test,11
123,3,test,11
124,3,test,11
125,3,test,11
126,3,test,11
127,3,test,11
128,3,test,11
129,3,test,11
130,3,test,11
131,3,test,11
132,3,test,11
133,3,test,11
134,3,test,11
135,3,test,11
136,3,test,11
137,3,test,11
138,3,test,11
139,3,test,11
140,3,test,11
141,3,test,11
142,3,test,11
143,3,test,11
144,3,test,11
145,3,test,11
146,3,test,11
147,3,test,11
148,3,test,11
149,3,test,11
150,3,test,11
151,3,test,11
152,3,test,11
153,3,test,11
154,3,test,11
155,3,test,11
156,3,test,11
157,3,test,11
158,3,test,11
159,3,test,11
160,3,test,11
161,3,test,11
162,3,test,11
163,3,test,11
164,3,test,11
165,3,test,11
166,3,test,11
167,3,test,11
168,3,test,11
169,3,test,11
170,3,test,11
171,3,test,11
172,3,test,11
173,3,test,11
174,3,test,11
175,3,test,11
176,3,test,11
177,3,test,11
178,3,test,11
179,3,test,11
180,3,test,11
181,3,test,11
182,3,test,11
183,3,test,11
184,3,test,11
185,3,test,11
186,3,test,11
187,3,test,11
188,3,test,11
189,3,test,11
190,3,test,11
191,3,test,11
192,3,test,11
193,3,test,11
194,3,test,11
195,3,test,11
196,3,test,11
197,3,test,11
198,3,test,11
199,3,test,11
200,3,test,11
201,3,test,11
202,3,test,11
203,3,test,11
204,3,test,11
205,3,test,11
206,3,test,11
207,3,test,11
208,3,test,11
209,3,test,11
210,3,test,11
211,3,test,11
212,3,test,11
213,3,test,11
214,3,test,11
215,3,test,11
216,3,test,11
217,3,test,11
218,3,test,11
219,3,test,11
220,3,test,11
221,3,test,11
222,3,test,11
223,3,test,11
224,3,test,11
225,3,test,11
226,3,test,11
227,3,test,11
228,3,test,11
229,3,test,11
230,3,test,11
231,3,test,11
232,3,test,11
233,3,test,11
234,3,test,11
235,3,test,11
236,3,test,11
237,3,test,11
238,3,test,11
239,3,test,11
240,3,test,11
241,3,test,11
242,3,test,11
243,3,test,11
244,3,test,11
245,3,test,11
246,3,test,11
247,3,test,11
248,3,test,11
249,3,test,11
250,3,test,11
251,3,test,11
252,3,test,11
253,3,test,11
254,3,test,11
255,3,test,11
256,3,test,11
257,3,test,11
258,3,test,11
259,3,test,11
260,3,test,11
261,3,test,11
262,3,test,11
263,3,test,11
264,3,test,11
265,3,test,11
266,3,test,11
267,3,test,11
268,3,test,11
269,3,test,11
270,3,test,11
271,3,test,11
272,3,test,11
273,3,test,11
274,3,test,11
275,3,test,11
276,3,test,11
277,3,test,11
278,3,test,11
279,3,test,11
280,3,test,11
281,3,test,11
282,3,test,11
283,3,test,11
284,3,test,11
285,3,test,11
286,3,test,11
287,3,test,11
288,3,test,11
289,3,test,11
290,3,test,11
291,3,test,11
292,3,test,11
293,3,test,11
294,3,test,11
295,3,test,11
296,3,test,11
297,3,test,11
298,3,test,11
299,3,test,11
300,3,test,11
301,3,test,11
302,3,test,11
303,3,test,11
304,3,test,11
305,3,test,11
306,3,test,11
307,3,test,11
308,3,test,11
309,3,test,11
310,3,test,11
311,3,test,11
312,3,test,11
313,3,test,11
314,3,test,11
315,3,test,11
316,3,test,11
317,3,test,11
318,3,test,11
319,3,test,11
320,3,test,11
321,3,test,11
322,3,test,11
323,3,test,11
324,3,test,11
325,3,test,11
326,3,test,11
327,3,test,11
328,3,test,11
329,3,test,11
330,3,test,11
331,3,test,11
332,3,test,11
333,3,test,11
334,3,test,11
335,3,test,11
336,3,test,11
337,3,test,11
338,3,test,11
339,3,test,11
340,3,test,11
341,3,test,11
342,3,test,11
343,3,test,11
344,3,test,11
345,3,test,11
346,3,test,11
347,3,test,11
348,3,test,11
349,3,test,11
350,3,test,11
351,3,test,11
352,3,test,11
353,3,test,11
354,3,test,11
355,3,test,11
356,3,test,11
357,3,test,11
358,3,test,11
359,3,test,11
360,3,test,11
361,3,test,11
362,3,test,11
363,3,test,11
364,3,test,11
365,3,test,11
366,3,test,11
367,3,test,11
368,3,test,11
369,3,test,11
370,3,test,11
371,3,test,11
372,3,test,11
373,3,test,11
374,3,test,11
375,3,test,11
376,3,test,11
377,3,test,11
378,3,test,11
379,3,test,11
380,3,test,11
381,3,test,11
382,3,test,11
383,3,test,11
384,3,test,11
385,3,test,11
386,3,test,11
387,3,test,11
388,3,test,11
389,3,test,11
390,3,test,11
391,3,test,11
392,3,test,11
393,3,test,11
394,3,test,11
395,3,test,11
396,3,test,11
397,3,test,11
398,3,test,11
399,3,test,11
400,3,test,11
401,3,test,11
402,3,test,11
403,3,test,11
404,3,test,11
405,3,test,11
406,3,test,11
407,3,test,11
408,3,test,11
409,3,test,11
410,3,test,11
411,3,test,11
412,3,test,11
413,3,test,11
414,3,test,11
415,3,test,11
416,3,test,11
417,3,test,11
418,3,test,11
419,3,test,11
420,3,test,11
421,3,test,11
422,3,test,11
423,3,test,11
424,3,test,11
425,3,test,11
426,3,test,11
427,3,test,11
428,3,test,11
429,3,test,11
430,3,test,11
431,3,test,11
432,3,test,11
433,3,test,11
434,3,test,11
435,3,test,11
436,3,test,11
437,3,test,11
438,3,test,11
439,3,test,11
440,3,test,11
441,3,test,11
442,3,test,11
443,3,test,11
444,3,test,11
445,3,test,11
446,3,test,11
447,3,test,11
448,3,test,11
449,3,test,11
450,3,test,11
451,3,test,11
452,3,test,11
453,3,test,11
454,3,test,11
455,3,test,11
456,3,test,11
457,3,test,11
458,3,test,11
459,3,test,11
460,3,test,11
461,3,test,11
462,3,test,11
463,3,test,11
464,3,test,11
465,3,test,11
466,3,test,11
467,3,test,11
468,3,test,11
469,3,test,11
470,3,test,11
471,3,test,11
472,3,test,11
473,3,test,11
474,3,test,11
475,3,test,11
476,3,test,11
477,3,test,11
478,3,test,11
479,3,test,11
480,3,test,11
481,3,test,11
482,3,test,11
483,3,test,11
484,3,test,11
485,3,test,11
486,3,test,11
487,3,test,11
488,3,test,11
489,3,test,11
490,3,test,11
491,3,test,11
492,3,test,11
493,3,test,11
494,3,test,11
495,3,test,11
496,3,test,11
497,3,test,11
498,3,test,11
499,3,test,11
500,3,test,11
501,3,test,11
502,3,test,11
503,3,test,11
504,3,test,11
505,3,test,11
506,3,test,11
507,3,test,11
508,3,test,11
509,3,test,11
510,3,test,11
511,3,test,11
512,3,test,11
513,3,test,11
514,3,test,11
515,3,test,11
516,3,test,11
517,3,test,11
518,3,test,11
519,3,test,11
520,3,test,11
521,3,test,11
522,3,test,11
523,3,test,11
524,3,test,11
525,3,test,11
526,3,test,11
527,3,test,11
528,3,test,11
529,3,test,11
530,3,test,11
531,3,test,11
532,3,test,11
533,3,test,11
534,3,test,11
535,3,test,11
536,3,test,11
537,3,test,11
538,3,test,11
539,3,test,11
540,3,test,11
541,3,test,11
542,3,test,11
543,3,test,11
544,3,test,11
545,3,test,11
546,3,test,11
547,3,test,11
548,3,test,11
549,3,test,11
550,3,test,11
551,3,test,11
552,3,test,11
553,3,test,11
554,3,test,11
555,3,test,11
556,3,test,11
557,3,test,11
558,3,test,11
559,3,test,11
560,3,test,11
561,3,test,11
562,3,test,11
563,3,test,11
564,3,test,11
565,3,test,11
566,3,test,11
567,3,test,11
568,3,test,11
569,3,test,11
